Subfolder Name,Keylink Value
.frontmatter,
Overview-of-the-Space-Sector-Trends-and-Future-Directions,space sector trends
Role-of-Artificial-Intelligence-in-Space-Exploration,artificial intelligence
Satellite-Remote-Sensing-Strategic-Technological-and-Economic-Aspects,remote sensing
Space-Debris-Threat-to-Our-Space-Environment,Space Debris
Space-Diplomacy,Space-Diplomacy
Spaceports-in-Space-Exploration,Spaceports-in-Space-Exploration
SpaceXâ€™s-Polaris-Dawn-The-Most-Ambitious-Private-Space-Mission-Ever,spacex
Starlink-Constellation,Starlink-Constellation
The-Future-of-Space-Travel-Advancements-in-Propulsion-Technology,space travel
The-Geopolitical-Chessboard-in-Space-Navigating-the-Implications,space geopolitics
The-Moon-Challenges-and-Opportunities,moon
